,Military,Private,Others
OperatorType,14.825360668185269,1.5375854214123008,83.2953682611997
